_id,game,name_en,name_es,name_fr,name_it,name_de,name_jp
1,0,Anteka Pelt,Piel de Anteka,Peau d'Anteka,Pelle di Anteka,Anteka-Pelz,
2,0,Disk Stone,Piedra disco,Disque de pierre,Pietra a disco,Scheibenstein,
3,0,Iron Ore,Mineral hierro,Minerai de fer,Minerale ferro,Eisenerz,
4,0,Sm Monster Bone,H. monstr. pq.,Os monstre petit,Osso mostro pic,Monsterknochen S,
5,0,Bullfango Pelt,Piel Bullfango,Peau Bullfango,Pelle Bullfango,Bullfango-Fell,
6,0,Kelbi Hide,Piel de Kelbi,Peau Kelbi,Pelle di Kelbi,Kelbi-Haut,
7,0,Machalite Ore,Min. Machalita,Miner. Machalite,Min. Machalite,Machalit-Erz,
8,0,Kut-Ku Scale,Escama Kut-Ku,Écaille Kut-Ku,Scaglia Kut-Ku,Kut-Ku-Schuppe,
9,0,Velociprey Fang,Colm. Velociprey,Croc Velociprey,Zanna Velociprey,Velociprey-Zahn,
10,0,Unknown Skull,Cráneo desconoc.,Crâne inconnu,Teschio ignoto,Anonymer Schädel,
11,0,Blango Pelt,Piel de Blango,Peau Blango,Pelle Blango,Blango-Pelz,
12,0,Giaprey Scale,Escama Giaprey,Écaille Giaprey,Scaglia Giaprey,Giaprey-Schuppe,
13,0,Anteka Antlers,Astas de Anteka,Cornes d'Anteka,Corna di Anteka,Anteka-Geweih,
14,0,Earth Crystal,Cristal tierra,Cristal de terre,Cristallo terra,Erdkristall,
15,0,Whetstone,Piedra de afilar,Aiguisoir,Cote,Wetzstein,
16,0,Huskberry,Baya hueca,Baie-coque,Guscio di bacca,Hülsenbeere,
17,0,Sm Bone Husk,Cásc. hueso pq.,Pt coque d'os,Invol. osso pic.,Kl. Knochenhülse,
18,0,Velociprey Scale,Esc. Velociprey,Éc. Velociprey,Sc. Velociprey,Velocip-Schuppe,
19,0,Velociprey Hide,Piel Velociprey,Peau Velociprey,Pelle Velociprey,Velociprey-Haut,
20,0,Carpenterbug,Bicho carpintero,Charpentinsecte,Insetto-carpent.,Tischlerkäfer,
21,0,Vespoid Wing,Ala de Vespoid,Aile Vespoid,Ala Vespoid,Vespoid-Flügel,
22,0,Vespoid Shell,Concha Vespoid,Carapace Vespoid,Corazza Vespoid,Vespoid-Panzer,
23,0,Lightcrystal,Cristal ligero,Cristal lumiè re,Crist. di luce,Lichtkristall,
24,0,Hornetaur Head,Cabeza Hornetaur,Tête Hornetaur,Testa Hornetaur,Hornetaur-Kopf,
25,0,Hornetaur Shell,Concha Hornetaur,Carap. Hornetaur,Cor. Hornetaur,Hornetaur-Panzer,
26,0,Vibrant Pelt,Piel vibrante,Peau vibrante,Pelle vibrante,Leuchtender Pelz,
27,0,Monster Fluid,Fluido monstruo,Fluide monstre,Fluido di mostro,Monsterfluid,
28,0,Gendrome Hide,Piel de Gendrome,Peau Gendrome,Pelle Gendrome,Gendrome-Haut,
29,0,Genprey Scale,Escama Genprey,Écaille Genprey,Scaglia Genprey,Genprey-Schuppe,
30,0,Ioprey Scale,Escama Ioprey,Écaille Ioprey,Scaglia Ioprey,Ioprey-Schuppe,
31,0,Ioprey Hide,Piel de Ioprey,Peau Ioprey,Pelle Ioprey,Ioprey-Haut,
32,0,Kut-Ku Ear,Oreja de Kut-Ku,Oreille Kut-Ku,Orecchio Kut-Ku,Kut-Ku-Ohr,
33,0,Kut-Ku Shell,Concha Kut-Ku,Carapace Kut-Ku,Corazza Kut-Ku,Kut-Ku-Panzer,
34,0,Kut-Ku Webbing,Cincha de Kut-Ku,Palmure Kut-Ku,Membrana Kut-Ku,Kut-Ku-Gewebe,
35,0,Cephalos Fin,Aleta Cephalos,Nageoi. Cephalos,Pinna Cephalos,Cephalos-Flosse,
36,0,Cephalos Scale,Escama Cephalos,Écaille Cephalos,Scaglia Cephalos,Cephalos-Schuppe,
37,0,Congalala Pelt,Piel Congalala,Peau Congalala,Pelle Congalala,Congalala-Pelz,
38,0,Sharp Claw,Garra afilada,Griffe acérée,Artiglio affil.,Scharfe Klaue,
39,0,Rubbery Hide,Piel gomosa,Peau élastique,Pelle gommosa,Gummihaut,
40,0,Antiseptic Stone,Piedra antisépt.,Pierre antisept.,Pietra antisett.,Antiseptikstein,
41,0,Genprey Hide,Piel de Genprey,Peau Genprey,Pelle Genprey,Genprey-Haut,
42,0,Pale Bone,Hueso pálido,Os pâle,Osso pallido,Bleicher Knochen,
43,0,Flabby Hide,Piel blanda,Cuir flasque,Pelle vizza,Schwabbelhaut,
44,0,Hermitaur Claw,Garra Hermitaur,Griffe Hermitaur,Art. Hermitaur,Hermitaur-Klaue,
45,0,Hermitaur Shell,Con. Hermitaur,Car. Hermitaur,Cor. Hermitaur,Hermitaur-Panzer,
46,0,Plesioth Scale,Escama Plesioth,Écaille Plesioth,Scaglia Plesioth,Plesioth-Schuppe,
47,0,Bomb Arrowana,Arrowana bomba,Arrowana bombe,Arrowana bomba,Bomben-Arrowana,
48,0,Sm Lobstershell,Concha Lang. pq.,Pt carap. homard,Guscio arag. pic,Kl Hummerpanzer,
49,0,Plesioth Fin,Aleta Plesioth,Nageoir.Plesioth,Pinna Plesioth,Plesioth-Flosse,
50,0,Blue Kut-Ku Shl,Con. Kut-Ku azul,Carap. Kut-Ku bl,Cor. Kut-Ku blu,BlauerKutKuPanzr,
51,0,Pur Rubbery Hide,Piel gomosa pura,P.élast.violette,Pelle gomm.viol.,Lila Gummihaut,
52,0,Alluring Hide,Piel seductora,Cuir élégant,Pelle seducente,LockendeLedrhaut,
53,0,Grn Plesioth Scl,Esc. Plesioth v.,Éca. Plesi. vert,Sc. Plesioth vrd,GrünPles-Schup.,
54,0,Grn Plesioth Fin,Al. Plesioth v.,Nag. Plesi. vert,Pinna Ples. vrd,GrünPles-Flosse ,
55,0,Basarios Shell,Concha Basarios,Carapa. Basarios,Corazza Basarios,Basarios-Panzer,
56,0,Knife Mackerel,Caballa cuchillo,Makro couteau,Sgombro-coltello,Messermakrele,
57,0,Monoblos Shell,Concha Monoblos,Carap. Monoblos,Corazza Monoblos,Monoblos-Panzer,
58,0,Blood Red Horn,Cuerno encarnado,Corne rouge sang,Corno rss sangue,Blutrotes Horn,
59,0,Garuga Ear,Oreja de Garuga,Oreille Garuga,Orecchio Garuga,Garuga-Ohr,
60,0,Sharpened Beak,Pico afilado,Bec aiguisé,Becco appuntito,Geschliff Schnab,
61,0,Garuga Shell,Concha de Garuga,Carapace Garuga,Corazza Garuga,Garuga-Panzer,
62,0,Garuga Mane,Crin de Garuga,Crinière Garuga,Criniera Garuga,Garuga-Mähne,
63,0,Blangonga Whiskr,Pelo Blangonga,Moust. Blangonga,Baffo Blangonga,Blangonga-Bart,
64,0,Blangonga Pelt,Piel Blangonga,Peau Blangonga,Pelle Blangonga,Blangonga-Pelz,
65,0,Lg Monster Bone,H. monstr. gr.,Os monstre grand,Osso mostro gr,Monsterknochen L,
66,0,Velocidrome Hide,Piel Velocidrome,Peau Velocidrome,Pel. Velocidrome,Velocidrome-Haut,
67,0,Ceanataur Claw,Garra Ceanataur,Griffe Ceanataur,Art. Ceanataur,Ceanataur-Klaue,
68,0,Ceanataur Shell,Conch. Ceanat.,Car. Ceanataur,Cor. Ceanataur,Ceanataur-Panzer,
69,0,Sm Ceanataur Shl,Con. Ceanat. pq.,Pt car.Ceanataur,Cor.Ceanataur pc,KlCeanataurPnzer,
70,0,Killer Beetle,Escar. asesino,Scarabée tueur,Scaraf.assassino,Killerkäfer,
71,0,Rathian Scale,Escama Rathian,Écaille Rathian,Scaglia Rathian,Rathian-Schuppe,
72,0,Rathian Shell,Concha Rathian,Carapace Rathian,Corazza Rathian,Rathian-Panzer,
73,0,Tigrex Skull Shl,C. crán. Tigrex,Cara.crâneTigrex,Cor.tesch.Tigrex,TigrexSchädPanz,
74,0,Tigrex Scale,Escama de Tigrex,Écaille Tigrex,Scaglia Tigrex,Tigrex-Schuppe,
75,0,Tigrex Shell,Concha de Tigrex,Carapace Tigrex,Corazza Tigrex,Tigrex-Panzer,
76,0,Rathalos Wing,Ala de Rathalos,Aile Rathalos,Ala Rathalos,Rathalos-Flügel,
77,0,Rathalos Scale,Escama Rathalos,Écaille Rathalos,Scaglia Rathalos,Rathalos-Schuppe,
78,0,Dragonite Ore,Min. Dragonita,Miner. Dragonite,Min. Dragonite,Drachenit-Erz,
79,0,Twisted Horn,Cuerno retorcido,Corne tordue,Corno contorto,Gedrehtes Horn,
80,0,Diablos Shell,Concha Diablos,Carapace Diablos,Corazza Diablos,Diablos-Panzer,
81,0,Monster Bone+,Hueso monstruo+,Os de monstre+,Osso mostro+,Monsterknochen+,
82,0,Gravios Shell,Concha Gravios,Carapace Gravios,Corazza Gravios,Gravios-Panzer,
83,0,Gravios Skl Shl,C. crán. Gravios,Cara.crâ.Gravios,Cor.tesch.Grav.,GraviosSchädlPnz,
84,0,TwstBlkBlosHrn,Cu. Ret. Blos n.,Corne Blos noir,C. cont. Blos nr,GedrschwaBloshrn,
85,0,Black Blos Shell,Concha Blos n.,Carap. Blos noir,Cor. Blos nero,Schw Blos-Panzer,
86,0,Blk Gravios Shl,Con. Gravios n.,Car. Gravi. noir,Cor. Gravios nr,Schw. Grav-Panz,
87,0,Blk Gravios Skl,Crán. Gravios n.,Crâ. Gravi. noir,Tesch.Gravios nr,SchwzGravsSchäd,
88,0,Chaos Mushroom,Seta del caos,Champi chaos,Fungo caos,Chaospilz,
89,0,Parashroom,Paraliseta,Champaralysie,Fungo paralisi,Lähmpilz,
90,0,FlynMealPassReg,Tick. com. Fel.,PassDîn.Fel.Rég.,BuonoPstFln.norm,FlynMahlPassNorm,
91,0,Godbug,Bicho divino,Insecte-dieu,Insetto-dio,Götterkäfer,
92,0,Mosswine Hide,Piel de Mosswine,Peau de Mosswine,Pelle Mosswine,Mosswine-Haut,
93,0,Pawprint Stamp,Sello hue. zarpa,Sceau empreinte,Bollo a impronta,Tatzendruckmarke,
94,0,Bullfango Head,Cabeza Bullfango,Tête Bullfango,Testa Bullfango,Bullfango-Kopf,
95,0,Bulldrome Hide,Piel Bulldrome,Cuir de Bulldr.,Pelle Bulldrome,Bulldrome-Haut,
96,0,Giant Bone,Hueso gigante,Os de géant,Osso gigante,Riesenknochen,
97,0,Giadrome Skull,Cráneo Giadrome,Crâne Giadrome,Teschio Giadrome,Giadrome-Schädel,
98,0,Giaprey Hide,Piel de Giaprey,Peau Giaprey,Pelle di Giaprey,Giaprey-Haut,
99,0,Kut-Ku Coin,Moneda Kut-Ku,Pièce Kut-Ku,Moneta Kut-Ku,Kut-Ku-Münze,
100,0,Velocidrome Head,Cab. Velocidrome,Tête Velocidrome,Testa Velocidr.,Velocidrome-Kopf,
101,0,Congalala Coin,Moneda Congalala,Pièce Congalala,Moneta Congalala,Congalala-Münze,
102,0,Flame Sac,Bolsa de llama,Poche de flamme,Sacca-fiamma,Flammenbeutel,
103,0,Electro Sac,Bolsa eléctrica,Poche électrique,Elettrosacca,Strombeutel,
104,0,Power Juice,Zumo de poder,Jus d'énergie,Supersucco,Kraftsaft,
105,0,Black Pearl,Perla negra,Perle noire,Perla nera,Schwarze Perle,
106,0,Basarios Wing,Ala de Basarios,Aile Basarios,Ala Basarios,Basarios-Flügel,
107,0,Hornetaur Wing,Ala de Hornetaur,Aile Hornetaur,Ala Hornetaur,Hornetaur-Flügel,
108,0,Pokke Ticket,Ticket Pokke,Ticket Pokke,Buono Pokke,Pokke-Schein,
109,0,Ice Crystal,Cristal hielo,Cristal glacé,Crist. ghiaccio,Eiskristall,
110,0,Lifecrystals,Cristales vida,Cristaux de vie,Crist. di vita,Lebenskristalle,
111,0,Commendation G,Mención honor G,Récompense G,Elogio G,Belobigung G,
112,0,Felyne Fur Ruby,Rubí­ piel Felyne,Rubis poils fél.,Rub. pelo Felyne,Felyne-Pelzrubin,
113,0,Emperor Cricket,Grillo emperador,Grillon empereur,Grillo imperat.,KaiserGrile,
114,0,FlynMealPassPlus,Tick. com. Fel.+,PassDîn.Fel.Plus,BuonoPstFln.Plus,FlynMahlPassPlus,
115,0,Firestone,Piedra fuego,Pierre-feu,Pietra focaia,Feuerstein,
116,0,Gourmet Fish,Pesc. gourmet,Poisson gourmet,Pesce gourmet,Gourmet-Fisch,
117,0,Gendrome Skull,Cráneo Gendrome,Crâne Gendrome,Teschio Gendrome,Gendrome-Schädel,
118,0,Wyvern Fang,Colmillo Wyvern,Croc de Wyvern,Zanna di wyvern,Wyvern-Reißzahn,
119,0,Khezu Coin,Moneda de Khezu,Pièce Khezu,Moneta Khezu,Khezu-Münze,
120,0,Yian Garuga Coin,Mon. Yian Garuga,Piè. Yian Garuga,Mon. Yian Garuga,YianGaruga-Münze,
121,0,Blackbelt Ticket,Ticket cint. n.,Tick.ceint.noire,Buono Cint.nera,Schwarzgürt-Sch.,
122,0,Shogun Coin,Moneda Shogun,Pièce Shogun,Moneta Shogun,Shogun-Münze,
123,0,Gaoren Spine,Columna Gaoren,Dos Gaoren,Sp. dors. Gaoren,Gaoren-Rückgrat,
124,0,Commendation,Mención de honor,Récompense,Encomio,Empfehlung,
125,0,Dosbiscus,Dosbiscus,Dosbiscus,Dosbiscus,Dosbiskus,
126,0,Tigrex Coin,Moneda de Tigrex,Pièce Tigrex,Moneta Tigrex,Tigrex-Münze,
127,0,Diablos Coin,Moneda Diablos,Pièce Diablos,Moneta Diablos,Diablos-Münze,
128,0,Iodrome Skull,Cráneo Iodrome,Crâne d'Iodrome,Teschio Iodrome,Iodrome-Schädel,
129,0,Daimyo Coin,Moneda de Daimyo,Pièce Daimyo,Moneta Daimyo,Daimyo-Münze,
130,0,Remobra Skull,Cráneo Remobra,Crâne de Remobra,Teschio Remobra,Remobra-Schädel,
131,0,FireWyvern Fluid,Fl. Wyv. fuego,Fluide Wyv. feu,Fluido wyv.fuoco,FeuerwyvernEssnz,
132,0,Sunset Herb,Hierba atardecer,Herbe du soir,Erba Tramonto,Abendrot-Kraut,
133,0,Cactus Flower,Flor de cactus,Fleur de cactus,Fiore di cactus,Kaktusblüte,
134,0,Springnight Carp,Carpa primavera,Carpe printanuit,Carpa primavera,Frühlingskarpfen,
135,0,Pin Tuna,Atún pincho,Pointhon,Tonno-spillo,Nadeltunfisch,
136,0,Book of Combos 1,Libro combos 1,Tome de Combos 1,Libro combo 1,Kombi-Buch 1,
137,0,Hypno Ticket,Ticket Hypno,Ticket Hypno,Buono Hypno,Hypno-Schein,
138,0,OrangeHypnoPelt+,PeloHypnoNarnja+,PeauHypnoOrange+,PelleHypnoAranc+,OrangeHypnoPelz+,
139,0,Hypno Fang,Colmillo Hypno,Croc Hypno,Zanna Hypno,Hypno-Reißzahn,
140,0,Sleepyfish,Pez somnífero,Somnipoisson,Pesce-sonno,Schlaffisch,
141,0,Top-GrdHypnoClaw,Gar Hypno gr cal,Top-Griffe Hypno,ArtiglioHypnoTop,ErstklasHypnKlau,
142,0,Sleep Herb,Hierba somní­fera,Herbe sommeil,Erba soporifera,Schlafkraut,
143,0,Great Hornfly,Gran mosca corn.,Gd papil. cornu,Gr. mosca-corno,Große Hornfliege,
144,0,Hercudrome,Hercudrome,Hercudrome,Hercudrome,Herkudrome,
145,0,Thunderbug,Bicho eléctrico,Foudrinsecte,Insetto-tuono,Donnerkäfer,
146,0,Dark Stone,Piedra oscura,Pierre sombre,Pietra oscura,Dunkler Stein,
147,0,Dark Piece,Trozo oscuro,Pièce sombre,Pezzo oscuro,Dunkler Splitter,
148,0,Ancient Potion,Poción antigua,Potion antique,Antica pozione,Uralter Trank,
149,0,Sinister Cloth,Tela siniestra,Vêtem. sinistre,Stoffa sinistra,Finsteres Tuch,
150,0,Striped Skin,Piel rayada,Peau rayée,Pelle a strisce,Gestreifte Haut,
151,0,Blos Fang,Colmillo de Blos,Croc Blos,Zanna di Blos,Blos-Reißzahn,
152,0,Eldr Dragon Bone,H. dragón viejo,Os dragon anc.,Osso drago anz.,Drachältestknoch,
153,0,Lavasioth Ticket,Ticket Lavasioth,Ticket Lavasioth,Buono Lavasioth,Lavasioth-Schein,
154,0,ThckLavasiothScl,EscGrsaLavasioth,Éc. Lavsioth ép.,ScagSpeLavasioth,DickLavasiothSch,
155,0,SpecLavasioFin+,AletaLavasEsp+,Nag Lavasio spé+,PinnSpLavasioth+,SpezLavasioFlo+,
156,0,Chameleos Hide,Piel Chameleos,Peau Chameleos,Pelle Chameleos,Chameleos-Haut,
157,0,ChameleosWebbing,Cincha Chameleos,Palm. Chameleos,Membr. Chameleos,Chameleos-Gewebe,
158,0,Rathian Plate,Placa de Rathian,Plaque Rathian,Piastra Rathian,Rathian-Platte,
159,0,Daora Horn,Cuerno de Daora,Corne Daora,Corno di Daora,Daora-Horn,
160,0,Daora Shell,Concha de Daora,Carapace Daora,Corazza di Daora,Daora-Panzer,
161,0,Kirin Hide,Piel de Kirin,Cuir Kirin,Pelle Kirin,Kirin-Haut,
162,0,Kirin Horn,Cuerno de Kirin,Corne Kirin,Corno Kirin,Kirin-Horn,
163,0,Kirin Mane,Crin de Kirin,Crinière Kirin,Criniera Kirin,Kirin-Mähne,
164,0,Dragonmoss,Musgo de dragón,Moussedragon,Muschio di drago,Drachenmoos,
165,0,Dragonwood,Madera de dragón,Boisdragon,Legno di drago,Drachenholz,
166,0,Rathalos Plate,Placa Rathalos,Plate Rathalos,Piastra Rathalos,Rathalos-Platte,
167,0,Lao-Shan's Scale,Escama Lao-Shan,Écaille Lao-Shan,Scaglia Lao-Shan,Lao-Shan-Schuppe,
168,0,Lao-Shan's Horn,Cuerno Lao-Shan,Corne Lao-Shan,Corno Lao-Shan,Lao-Shan-Horn,
169,0,Majestic Horn,Cuerno majest.,Corne grandiose,Corno maestoso,Erhabenes Horn,
170,0,Lunastra Mane,Crin de Lunastra,CrinièreLunastra,CrinieraLunastra,Lunastra-Mähne,
171,0,Fire Drgn Webbng,Cincha dr. fuego,Palm. dragon feu,Membr.Dragofuoco,FeuerDrachGewebe,
172,0,ElderDragonBlood,Sangre dr. anc.,Sang Anc. dragon,Sangue drago anz,DrachÄltestBlut,
173,0,Gaoren Shell,Concha de Gaoren,Carapace Gaoren,Corazza Gaoren,Gaoren-Panzer,
174,0,Teostra Horn,Cuerno Teostra,Corne Teostra,Corno di Teostra,Teostra-Horn,
175,0,Fire Dragon Scl,Esc. dr. fuego,Éca i. dragon feu,Scgl Drago fuoco,FeuerDrachSchup,
176,0,(dummy)King Lobster Shl,(dummy)King Lobster Shl,(dummy)King Lobster Shl,(dummy)King Lobster Shl,(dummy)King Lobster Shl,
177,0,(dummy)Famitsu Ticket,(dummy)Famitsu Ticket,(dummy)Famitsu Ticket,(dummy)Famitsu Ticket,(dummy)Famitsu Ticket,
178,0,Wht Monoblos Hrn,Cuerno Mon. bl.,Corne Mono.blanc,Crn Monoblos bnc,Weiß Monob-Horn,
179,0,Wht Monoblos Spn,Columna Mon. bl.,Vert. Mono.blanc,Sp.d.Monobl. bnc,Weiß Monob-Grat,
180,0,Wht Monoblos Shl,Concha Mon. bl.,Cara. Mono.blanc,Cor.Monoblos bnc,Weiß Monob-Panz,
181,0,Pnk Rathian Shl,Con. Rathian ro.,Carap. Rath.rose,Cor.Rathian rosa,Rosa Rath-Panzer,
182,0,Pnk Rathian Scl,Es. Rathi. rosa,Écai. Rath. rose,Sc. Rathian rosa,Rosa Rath-Schupp,
183,0,Rathian Spike,Púa de Rathian,Pointe Rathian,Punta Rathian,Rathian-Stachel,
184,0,Azur Rthlos Wing,Ala Rthls. ce.,Aile Rathal.azur,Ala Rathalos azz,AzurRath-Flügel,
185,0,Azure Rthlos Scl,Esc. Rthls. ce.,Écai.Rathal.azur,Sc. Rathalos azz,AzurRath-Schuppe,
186,0,Azure Rthlos Shl,Cap. Rthls. ce.,Cara.Rathal.azur,Cor.Rathalos azz,AzurRath-Panzer,
187,0,High Qualty Pelt,Piel alta calid.,Peau gd qualité,Pelle alta qual.,HochwertigerPelz,
188,0,Blango Pelt+,Piel de Blango +,Peau Blango+,Pelle Blango+,Blango-Pelz+,
189,0,Rainbow Insect,Insecto arcoiris,Insecte arc-en-c,Ins. Arcobaleno,Regenbogeninsekt,
190,0,Bulldrome Hide+,Piel Bulldrome +,Cuir de Bulldr.+,Pelle Bulldrome+,Bulldrome-Haut+,
191,0,Carbalite Ore,Min. Carbalita,Miner. Carbalite,Min. Carbalite,Karbalit-Erz,
192,0,King Scarab,Escarabajo rey,Roi scarabée,Scarabeo gigante,Königsskarabäus,
193,0,Master's Skull,Cráneo maestro,Crâne de maître,Teschio maestro,Meisterschädel,
194,0,Stout Bone,Hueso sólido,Os résistant,Osso robusto,Robuster Knochen,
195,0,Velociprey Scle+,Esc. Velociprey+,Éc. Velociprey+,Sc. Velociprey+,Velocip-Schuppe+,
196,0,Velociprey Hide+,Piel Velociprey+,Peau Velociprey+,Pel. Velociprey+,Velociprey-Haut+,
197,0,Vespoid InnrWng,Ala int. Vespoid,Aile int. Vesp.,Ala int. Vespoid,VespoidInnenFlüg,
198,0,Vespoid Carapace,Caparaz. Vespoid,Cuirasse Vespoid,Carapace Vespoid,VespoidRückenPnz,
199,0,Monster Broth,Caldo monstruo,Brouet monstre,Brodo di mostro,Monsterbrühe,
200,0,Novacrystal,Cristal nova,Cristal nova,Novacristallo,Novakristall,
201,0,DaoraDragonScale,Esc. drg. Daora,Éca. drag. Daora,Scaglia dr.Daora,DaoraDrachSchupp,
202,0,HornetaurInnrWng,Ala int. Hornet.,Aile int. Horn.,Ala int.Hornet.,HornetaurInnFlüg,
203,0,Hornetaur Crapce,Cap. Hornetaur,Cuir. Hornetaur,Carap. Hornetaur,HornetaurRückPnz,
204,0,Genprey Scale+,Escama Genprey+,Écaille Genprey+,Scaglia Genprey+,Genprey-Schuppe+,
205,0,Genprey Hide+,Piel de Genprey+,Peau Genprey+,Pelle Genprey+,Genprey-Haut+,
206,0,Paralysis Sac,Bolsa parálisis,Poche paralysie,Sacca paralizz.,Lähmbeutel,
207,0,Ioprey Scale+,Escama Ioprey+,Écaille Ioprey+,Scaglia Ioprey+,Ioprey-Schuppe+,
208,0,Ioprey Hide+,Piel de Ioprey+,Peau Ioprey+,Pelle Ioprey+,Ioprey-Haut+,
209,0,Toxin Sac,Bolsa de toxinas,Poche de toxine,Sacca di tossina,Toxinbeutel,
210,0,Long Kut-Ku Ear,Or. Kut-Ku larga,Lg oreil. Kut-Ku,Or. lungo Kut-Ku,Kut-Ku-Langohr,
211,0,Kut-Ku Carapace,Caparazón Kut-Ku,Cuirasse Kut-Ku,Carapace Kut-Ku,Kut-Ku-RückenPnz,
212,0,Conga Pelt+,Piel de Conga +,Peau Conga+,Pelle di Conga+,Conga-Pelz+,
213,0,Cephalos Scale+,Escama Cephalos+,Écail. Cephalos+,Sc. Cephalos+,CephalosSchuppe+,
214,0,Cephalos Fin+,Aleta Cephalos+,Nageoi. Cepha.+,Pinna Cephalos+,Cephalos-Flosse+,
215,0,Congalala Pelt+,Piel Congalala +,Peau Congalala+,Pelle Congalala+,Congalala-Pelz+,
216,0,Congalala Claw+,Garra Congalala+,Grif. Congalala+,Art. Congalala+,Congalala-Klaue+,
217,0,Rubbery Hide+,Piel gomosa+,Peau élastique+,Pelle gommosa+,Gummihaut+,
218,0,Gypceros Head,Cabeza Gypceros,Tête Gypceros,Testa Gypceros,Gypceros-Kopf,
219,0,Gendrome Tail,Cola de Gendrome,Queue Gendrome,Coda di Gendrome,Gendrome-Schweif,
220,0,Khezu Hide - Tan,Piel Khezu Curt.,Cuir Khezu tanné,Pelle conc.Khezu,Khezu-Haut Gerb,
221,0,Hrd Monster Bone,H. monstruo duro,Os monstre dur,Osso mostro duro,Monsterknochen X,
222,0,Hermitaur Claw+,Garr. Hermit.+,GriffeHermitaur+,Art. Hermitaur+,Hermitaur-Klaue+,
223,0,Hermitaur Carpce,Cap. Hermitaur,Cuir. Hermitaur,Carap. Hermitaur,HermitaurRückPnz,
224,0,Wyvern Skull Shl,Con. cr. Wyvern,Car.crâne Wyvern,Cor.teschio wyv.,WyvernSchädelPnz,
225,0,OrangeHypnoPelt,PeloHypnoNarnja,PeauHypnoOrange,PelleHypnoAranc,OrangeHypno-Pelz,
226,0,RainbowTailFeath,PlmaColaArcoIris,PlumeQueueIrisée,Piuma arcobaleno,Rgnbognschwnzfdr,
227,0,Hypno Beak,Pico Hypno,Bec Hypno,Becco Hypno,Hypno-Schnabel,
228,0,Basarios Tears,Lágrima Basarios,Larmes Basarios,Lacrime Basarios,Basarios-Tränen,
229,0,Basarios Carpace,Capar. Basarios,Cuiras. Basarios,Carap. Basarios,BasariosRückPanz,
230,0,Kut-Ku Scale+,Escama Kut-Ku+,Écaille Kut-Ku+,Scaglia Kut-Ku+,Kut-Ku-Schuppe+,
231,0,Blue Kut-Ku Scl+,Esc. Kut-Ku az.+,Éca. Ku t-Ku bl.+,Scl Kut-Ku blu+,BlaueKutKuSchup+,
232,0,Plesioth Scale+,Escama Plesioth+,Écail. Plesioth+,Sc. Plesioth+,PlesiothSchuppe+,
233,0,Plesioth Fin+,Aleta Plesioth +,Nag. Plesioth+,Pinna Plesioth+,Plesioth-Flosse+,
234,0,MonoblosThoracic,Tórax Monoblos,Thorax Monoblos,Torace Monoblos,Monoblos-Thorax,
235,0,Top-GrdRedHorn,CuernoRojoAltaCa,GrdeCorneRgeTop,Gran corno rosso,HochwrtRotesHorn,
236,0,MonoblosCarapace,Cap. Monoblos,CuirasseMonoblos,CarapaceMonoblos,MonoblosRüknpnzr,
237,0,Firecell Stone,Piedra lava,Pierre-lave,Cella di fuoco,Feuerzellenstein,
238,0,Long Garuga Ear,Or.larga Garuga,Oreille Garuga L,Orec.LungoGaruga,LangesGaruga-Ohr,
239,0,Rejuvenated Beak,Pico rejuvenec.,Bec rajeuni,Becco Fresco,VerjüngtSchnabel,
240,0,Garuga Carapace,Caparazón Garuga,Cuirasse Garuga,Carapace Garuga,GarugaRücknpanzr,
241,0,Blangonga Pelt+,Piel Blangonga+,Peau Blangonga+,Pelle Blangonga+,Blangonga-Pelz+,
242,0,Blangonga Fang+,Colm. Blangonga+,Croc Blangonga+,Zanna Blangonga+,BlangongReißzhn+,
243,0,Brute Bone,Hueso bruto,Os de brute,Osso bruto,Wilder Knochen,
244,0,Ceanataur Carpce,Cap. Ceanataur,Cuir. Ceanataur,Carap. Ceanataur,CeanataurRückPnz,
245,0,Ceanataur Claw+,Garr. Ceanat.+,GriffeCeanataur+,Art. Ceanataur+,Ceanataur-Klaue+,
246,0,Rathian Scale+,Escama Rathian+,Écaille Rathian+,Scaglia Rathian+,Rathian-Schuppe+,
247,0,Rathian Carapace,Caparaz. Rathian,Cuirasse Rathian,Carapace Rathian,RathianRückenPnz,
248,0,Narga Tail Spike,Púa Cola Narga,Pointe q. Narga,Spine coda Narga,NargaSchwfStachl,
249,0,Narga Scale+,Escama Narga+,Écaille Narga+,Scaglia Narga+,Narga-Schuppe+,
250,0,Narga Brain Stem,Cerebro Narga,Cerveau Narga,MidolloAllNarga,Narga-Hirnstamm,
251,0,Tigrex Claw+,Garra Tigrex +,Griffe Tigrex+,Artiglio Tigrex+,Tigrex-Klaue+,
252,0,Tigrex Fang+,Colmillo Tigrex+,Croc Tigrex+,Zanna di Tigrex+,Tigrex-Reißzahn+,
253,0,Rathalos Ruby,Rubí­ de Rathalos,Rubis Rathalos,Rubino Rathalos,Rathalos-Rubin,
254,0,Rathalos Scale+,Escama Rathalos+,Écail. Rathalos+,Sc. Rathalos+,Rathal-Schuppe+,
255,0,Diablos Carapace,Caparaz. Diablos,Cuirasse Diablos,Carapace Diablos,DiablosRückenpnz,
256,0,Rare Scarab,Escarabajo raro,Scarabée rare,Raro scarabeo,Seltener Skarab.,
257,0,Gravios Carapace,Caparaz. Gravios,Cuirasse Gravios,Carapace Gravios,GraviosRückenPnz,
258,0,Giaprey Hide+,Piel de Giaprey+,Peau Giaprey+,Pelle Giaprey+,Giaprey-Haut+,
259,0,Rainbow Ore,Mineral arcoiris,Minerai arc-en-c,Min. arcobaleno,Regenbogenerz,
260,0,Giaprey Scale+,Escama Giaprey +,Écaille Giaprey+,Scaglia Giaprey+,Giaprey-Schuppe+,
261,0,Blue Kut-Ku Cpc,Cap. Kut-Ku azul,Cui. Kut-Ku bleu,Carap.Kut-Ku blu,BlauKutKuRückPnz,
262,0,Coral Cphlos Scl,Es. Cphls. coral,Éc.Cepha. corail,Sc. Ceph.corallo,KoralCeph-Schupp,
263,0,Coral Cphlos Fin,Al. Cphls. coral,Nag.Cepha.corail,Pinna Ceph. cor.,KoralCeph-Flosse,
264,0,Pur Gypceros Wng,Ala Gypceros pur,Aile Gypceros v.,Ala Gypc. viol.,LilaGypc-Flügel,
265,0,Alluring Webbing,Cincha seductora,Palm. élégante,Membrana seduc.,Lockendes Gewebe,
266,0,Pale Khezu Steak,Fil. Khezu pál.,Steak Khezu pâle,Bist Khezu pall.,BleichKhezuSteak,
267,0,Small Goldenfish,Pez dorado peq.,Pt Poissondor,Pesce-dorato pic,Kl. Goldenfisch,
268,0,Grn Plsioth Scl+,Esc. Plesioth v+,Éca. Plesi.vert+,Scgl Ples. vrd+,GrünPles-Schup+,
269,0,Grn Plsioth Fin+,Al. Plesioth v.+,Nag. Plesi.vert+,PinnaPles.verde+,GrünPlesFlosse+,
270,0,Black Blos Cpc,Cap. Blos negro,Cuir. Blos noir,Carap. Blos nero,SchwrzBlosRckPnz,
271,0,Blk Gravios Cpc,Cap. Gravios n.,Cui. Gravi. noir,Car. Gravios nr,Schw GravRückPnz,
272,0,Expert Ticket,Ticket experto,Ticket expert,Buono Esperto,Experten-Schein,
273,0,Kirin Coin,Moneda de Kirin,Pièce Kirin,Moneta Kirin,Kirin-Münze,
274,0,Fire Coin,Moneda de fuego,Pièce de feu,Moneta di fuoco,Feuer-Münze,
275,0,Fatalis Webbing,Cincha Fatalis,Palmure Fatalis,Membrana Fatalis,Fatalis-Gewebe,
276,0,Fire Dragon Pwdr,Polvo dr. fuego,Poudre dragonfeu,Polv.Drago fuoco,FeuerDrachPulver,
277,0,Daora Carapace,Caparazón Daora,Cuirasse Daora,Carapace Daora,Daora-Rückenpnz,
278,0,(dummy)One-HornedTicket,(dummy)One-HornedTicket,(dummy)One-HornedTicket,(dummy)One-HornedTicket,(dummy)One-HornedTicket,
279,0,(dummy)Pirate J Ticket,(dummy)Pirate J Ticket,(dummy)Pirate J Ticket,(dummy)Pirate J Ticket,(dummy)Pirate J Ticket,
280,0,Teostra Carapace,Capar. Teostra,Cuirasse Teostra,Carapace Teostra,TeostraRückenPnz,
281,0,Remobra Skin+,Piel de Remobra+,Peau Remobra+,Pelle Remobra+,Remobra-Haut+,
282,0,Rajang Horn,Cuerno Rajang,Corne de Rajang,Corno di Rajang,Rajang-Horn,
283,0,Gold Rajang Pelt,Piel Rajang dor.,Peau Rajang doré,Pelle Rajang dor,Gold-Rajang-Pelz,
284,0,Blk Rajang Pelt,P. Rajang negro,Peau Rajang noir,PelleRajang nero,SchwzRajang-Pelz,
285,0,DaoraDragonScal+,Esc. drg. Daora+,Éca.drag.Daora+,Scgl dr. Daora+,DaoraDrachSchup+,
286,0,Thunderbug Juice,Zumo Bicho eléc.,Jus Foudrinsecte,Succo Ins.-tuono,Donnerkäfersaft,
287,0,Inferno Sac,Bolsa infernal,Poche infernale,Sacca-inferno,Höllenbeutel,
288,0,Chameleos Hide+,Piel Chameleos +,Peau Chameleos+,Pelle Chameleos+,Chameleos-Haut+,
289,0,Chameleos Jewel,Joya Chameleos,Joyau Chameleos,Gioiello Cham.,Chameleos-Juwel,
290,0,Daora Jewel,Joya de Daora,Joyau Daora,Gioiello Daora,Daora-Juwel,
291,0,Kirin Hide+,Piel de Kirin+,Cuir Kirin+,Pelle di Kirin+,Kirin-Haut+,
292,0,Kirin Azure Horn,Cuerno Kirin ce.,Corne azur.Kirin,Corno Kirin azz.,Kirin-AzurHorn,
293,0,Lao-Shan Scale+,Escama Lao-Shan+,Écail. Lao-Shan+,Sc. Lao-Shan+,LaoShan-Schuppe+,
294,0,Lao-Shan's Claw,Garra Lao-Shan,Griffe Lao-Shan,Art. Lao-Shan,Lao-Shan-Klaue,
295,0,Gaoren Carapace,Capar. de Gaoren,Cuirasse Gaoren,Carapace Gaoren,Gaoren-Rückenpnz,
296,0,Gaoren Thoracic,Tórax de Gaoren,Thorax Gaoren,Torace Gaoren,Gaoren-Thorax,
297,0,Teostra Horn+,Cuerno Teostra +,Corne Teostra+,Corno Teostra+,Teostra-Horn+,
298,0,Fire Drgn Scl+,Esc. dr. fuego +,Éca. dragon feu+,ScglDrago fuoco+,FeuerDrachSchup+,
299,0,Fire Drgn Jwl,Joya dr. fuego,Joyau dragon feu,GioielloDr.fuoco,FeuerDrachJuwel,
300,0,Fatalis Eye,Ojo de Fatalis,Œil Fatalis,Occhio Fatalis,Fatalis-Auge,
301,0,Fatalis Scale,Escama Fatalis,Écaille Fatalis,Scaglia Fatalis,Fatalis-Schuppe,
302,0,Fatalis Horn,Cuerno Fatalis,Corne Fatalis,Corno Fatalis,Fatalis-Horn,
303,0,FireWyvrn BrnStm,Cola Wyv. fuego,Cerveau Wyv. feu,Mid.all.wyv.fuo.,FeuerwyvHrnstamm,
304,0,Akantor Claw,Garra de Akantor,Griffe Akantor,Artiglio Akantor,Akantor-Klaue,
305,0,Akantor Shell,Concha Akantor,Carapace Akantor,Corazza Akantor,Akantor-Panzer,
306,0,Akantor Scale,Escama Akantor,Écaille Akantor,Scaglia Akantor,Akantor-Schuppe,
307,0,Wyvern Stone,Piedra de Wyvern,Pierre de Wyvern,Pietra-wyvern,Wyvern-Stein,
308,0,Gourmet Fish+,Pesc. gourmet +,Poisson gourmet+,Pesce gourmet+,Gourmet-Fisch+,
309,0,Slvr Rthlos Cpc,Cap. Rthls. pl.,Cuir.Rathal.argt,Car.Rathalos arg,SilbRthlosRckPnz,
310,0,Union Ore,Mineral de unión,Minerai union,Minerale Union,Bindungserz,
311,0,Rajang Coin,Moneda Rajang,Pièce Rajang,Moneta Rajang,Rajang-Münze,
312,0,Armor Pill,Pí­ldora armadura,Pilule armure,Pillola-armatura,Panzerpille,
313,0,Speartuna,Atún lanza,Lancethon,Tonno-lancia,Speertunfisch,
314,0,WhtMonoblosThora,Tórax Monobl bl,ThoraMonoblosBlc,ToraceMonobBian,WßMonoblosThorax,
315,0,Wht Monoblos Cpc,Cap. Monoblos bl,C Monoblos blanc,CarapMonoblosBia,WßMonoblosRükPnz,
316,0,Top-GrdPlatHorn,CuernoPlatAltaCa,GrdeCornePlatTop,GranCornoPlatino,HochwertPlatHorn,
317,0,Pnk Rathian Cpc,Cap. Rathian ro.,Cuira. Rath.rose,Carap. Rath.rosa,Rosa Rath-Panz+,
318,0,Pnk Rathian Scl+,Es. Rathi. ro.+,Écai.Rath. rose+,Sc.Rathian rosa+,Rosa Rath-Schup+,
319,0,Rathian Spike+,Púa de Rathian +,Pointe Rathian+,Punta Rathian+,Rathian-Stachel+,
320,0,Azure Rthlos Cpc,Crza. Rthls. ce.,Cuir.Ra thal.azur,Car.Rathalos azz,AzurRathRückPnz,
321,0,Gld Rathian Cpc,Con. Rathian do.,Cuira. Rath. or,Car.Rathian dor.,GldRathianRckPnz,
322,0,Gld Rathian Scl+,Esc. Rathian do.,Écai. Rath. or+,ScglRathian dor+,GldRathianSchup+,
323,0,Rathian Ruby,Rubí de Rathian,Rubis Rathian,Rubino Rathian,Rathian-Rubin,
324,0,Slvr Rthlos Wing,Ala Rathalos pl.,Aile Rathal.argt,Ala Rathalos arg,SilbRath-Flügel,
325,0,Azure LaoS Shell,Concha Lao-S ce.,Carap. Lao azur,Cor. Lao-S azz.,AzurLaoSh-Panzer,
326,0,Azure LaoS Horn,Cuerno Lao-S ce.,Corne Lao azur,Crn Lao-Shan azz,Azur LaoSh-Horn,
327,0,Fatalis DevilEye,Ojo dem. Fatalis,Œil démon Fata,Occh.malvFatalis,Fata-Teufelsauge,
328,0,Fatalis CrmsnScl,Esc. Ca. Fatalis,Écail.pourp.Fata,Sc. crem Fatalis,KarmFatalisSchup,
329,0,Fatalis CrmsnHrn,Cu. Ca. Fatalis,Corne pourp.Fata,Crn crem Fatalis,KarmFatalisHorn,
330,0,Wht Fatalis Scl,Esc. Fatalis bl.,Éca.Fatalis bla.,Scgl Fatalis bnc,WeißFatalisSchup,
331,0,Wht Fatalis Horn,Cu. Fatalis bl.,Cor.Fatalis bla.,CornoFatalis bnc,WeißFatalisHorn,
332,0,Lucky Kut-Ku Ear,OrjaKut-KuSuerte,Or. Kut-Ku Chce,OrecFortunKut-Ku,GlücksKut-Ku-Ohr,
333,0,Hvy Kut-Ku Shell,Con. pes Kut-Ku,C. lourde Kut-Ku,CorazzaPesKut-Ku,SchwerKutKuPanzr,
334,0,Str Kut-Ku Wing,Ala Kut-Ku dura,Aile Kut-Ku frte,Ala forte Kut-Ku,StarkKutKuFlügel,
335,0,HrdCongalalaPlt+,PielDuCongalala+,P.CongalalaDure+,PelDurCongalala+,HrtCongalalaPlz+,
336,0,HrdCongalalaClw+,GrraDuCongalala+,GrCongalalaDure+,ArtDurCongalala+,HrtCongalalaKla+,
337,0,SpecRubberyHide+,Piel gomosa Esp+,Peau élast. spé+,Pelle gomm.spec+,Spez. Gummihaut+,
338,0,HardGypcerosHead,CabGypcerosDura,TêteGypcerosDure,TestDuraGypceros,HartGypcerosKopf,
339,0,Purecrystal,Cristal puro,Cristal pur,Cristalpuro,Reiner Kristall,
340,0,KhezuHide-Cream,Piel crema Khezu,Crème peau Khezu,PelleKhezu crema,KhezuLdrhautCrem,
341,0,Hvy Monster Bone,HuesoMonstruoPes,Os monstre lourd,OssoMostroPesan.,SchwerMonstrknch,
342,0,Monster Essence,Esencia monstruo,Essence monstre,Essenza mostro,Monsteressenz,
343,0,HrdHermitaurClaw,GarraDuHermitaur,GriffeDaimyoDure,ArtDuroHermitaur,HartHermitauKlau,
344,0,HvyHermitaurShl,ConPesHermitaur,Cara. lde Daimyo,CorPesHermitaur,SchweHermitauPnz,
345,0,Hypno Bezoar+,Hypno Bezoar +,Bezoar Hypno+,GastroliteHypno+,Hypno-Bezoar+,
346,0,Thick Kut-Ku Scl,EscGruesaKut-Ku,Écail Kut-Ku ép.,Scagl.Sp. Kut-Ku,DickKutKuSchuppe,
347,0,HvyBasariosShell,ConPesBasarios,CarapaceBasarLde,CorazPesBasarios,SchweBasariosPnz,
348,0,StrBasariosWing,AlaBasariosDura,AileBasariosFrte,ForteAlaBasarios,StrkBasariosFlüg,
349,0,Ancient Fish,Pez antiguo,Poisson ancien,Pesce antico,Uralter Fisch,
350,0,Eltalite Ore,Min. Eltalita,Minerai Eltalite,Min. Eltalite,Eltalit-Erz,
351,0,ThckPlesiothScl,Esc Plesioth gr.,Éc. Plesioth ép.,ScagSpesPlesioth,DickPlesiothSchu,
352,0,SpecPlesiothFin+,AletPlesiothEsp+,Nag Plesith spé+,PinnaSpPlesioth+,DickPlesiothFlo+,
353,0,HvyPiscineFang,ColPesPiscine,CrocNageurLourd,ZannaPesPiscine,SchwPiscReißzahn,
354,0,Mellanje Ore,Min. Mellanje,Minerai Mellanje,Min. Mellanje,Mellanje-Erz,
355,0,Hvy Garuga Shell,Con. Garuga dura,C. lourde Garuga,CorazDuraGaruga,SchwrGarugaPanzr,
356,0,SilverGarugaPelt,Piel Garuga plt,Peau Garuga arg.,PelleArgGaruga,SilberGarugaPelz,
357,0,HrdBlangongaPlt+,PielDuBlangonga+,P.BlangongaDure+,PellDrBlangonga+,HrtBlangongaPlz+,
358,0,HvyBlangongaFang,ColPesBlangonga,CrocBlangongaLd,ZannPesBlangonga,SchBlangongaRßzn,
359,0,Piercing Claw,Garra desgarr.,Griffe perfo.,Artiglio perfor.,SuperscharfKlaue,
360,0,HvyCeanataurShl,ConPesCeanataur,C. lde Ceanataur,CorCeanataurPes,SchweCeanatauPnz,
361,0,HrdCeanataurClaw,GarraCeanatDura,GriffeCeanatDure,ArtDurCeanataur,HartCeanatauKlau,
362,0,ThckRathianScl,Esc Rathian gr.,Éc. Rathian ép.,ScagSpesRathian,DickRathianSchup,
363,0,HvyRathianShell,ConPesRathian,Carap.RathianLde,CorazPesRathian,SchweRathianPanz,
364,0,HvyNargaTailSpik,PúaColaNargaDur,Pte q. Narga lde,SpinPesCodaNarga,SchweNargSchfStl,
365,0,ThickNargaScale,EscamaNargaGru,Éc Narga épaisse,ScagliaSpesNarga,DickeNarga-Schup,
366,0,HvnlyNargaScale,EscamaNargaCielo,Écail Narga ciel,ScaglCelesNarga,HimmlNarga-Schup,
367,0,HvyLavasiothShl,ConPesLavasioth,C. lde Lavasioth,CoraPesLavasioth,SchweLavasioPnzr,
368,0,SpecRemobraSkin+,Piel Remobra Esp,PeauRemobraSpé.+,PellSpecRemobra+,SpezRemobraHaut+,
369,0,Hard Tigrex Claw,GarraTigrexDura,GriffeTigrexDure,ArtigDuroTigrex,HarteTigrexKlaue,
370,0,HvnlyTigrexScale,EscTigrexCielo,Éc. Tigrex ciel,ScaCelesteTigrex,HimmlTigrexSchup,
371,0,Hrd Rathalos Scl,EscRathalosDura,Éc Rathalos dure,ScagDuraRathalos,HrtRathalosSchup,
372,0,StrRathalosWing,AlaRathalosFrte,AileRathalosFrte,AlaFortRathalos,StrkRathalosFlüg,
373,0,HvnlyRathalosScl,EscRathalosCielo,Éc Rathalos ciel,ScaCelesRathalos,HimlRathalosSchu,
374,0,HvyDiablosShell,ConPesDiablos,Carap.DiablosLd,CorazPesDiablos,SchweDiablosPanz,
375,0,StoutWarpedHorn,Cuerno sólido,Corne torsadée,CornoDuroAttorc,RobustWellenHorn,
376,0,PhantomButterfly,Mariposa fantsm.,Papillon fantôme,FarfallaFantasma,Phantomschmettrl,
377,0,HvyGraviosShell,ConPesGravios,Car. Gravios lde,CorazPesGravios,SchweGraviosPanz,
378,0,Gravios BrainStm,Tr. cer. Gravios,Cerveau Gravios,Mid.all.Gravios,GraviosHirnstamm,
379,0,HvyBlueKut-KuShl,CorPesKut-KuAzul,C. lde Kut-Ku bl,CorPesKut-KuBlu,SchweBlaKutKPanz,
380,0,E.CongalalaPelt+,PielCongaEsm+,PeauCongalalaE+,PelleCongalalaS+,SmCongalalaPelz+,
381,0,Vibrant Comb,Cresta Vibrante,Crête vibrante,Cresta Vibrante,Leuchtender Kamm,
382,0,HrdE.CongaClaw,GarraCongaEsmDur,Grif.CongalalaE,ArtigDurCongaS,HrtSmCongaKlaue,
383,0,HrdPuGypcerosWng,AlaGypPurDura,AileGypcerosDure,AliDurePorpGypce,HartLilGypcerFlü,
384,0,StrAlluringWing,Ala seduct. dura,Aile élég. forte,ForteAlaAffascin,StarkVerlockFlüg,
385,0,KhezuSpecialCut,CorteEspKhezu,V Khezu de choix,TaglioSpecKhezu,KhezuSpezSchnitt,
386,0,Lifepowder,Polvo de vida,Poudre de vie,Polvere di vita,Lebenspulver,
387,0,PlumD.HermitrClw,GarD.HermitaurCz,Gr. Daimyo prune,ArtigDaimyoViola,PflauDHermitKlau,
388,0,PlumD.HermitrShl,ConD.HermitaurCz,C. Daimyo prune,CorazDaimyoViola,PflauDHermitPnzr,
389,0,ThckGrnPlesioScl,EscPlesiothVrdGr,Éc.PlesioVertÉp.,ScagSpesPlesioVr,DickGrüPlesioSch,
390,0,SpecGrnPlesioFn+,AletaPlesVrdEsp+,NagPlesioVrtSpé+,PinnaSpPlesio+Vr,DickGrüPlesioFl+,
391,0,C.BlangongaPelt+,Piel BlangCobr+,PeauBlangongaC+,PellBlangongaR.+,KuBlangongaPelz+,
392,0,HvyC.BlangoFang,ColmBlangoCobr,Croc Blango C ld,ZannPesBlangoR.,SchwKuBlangoRßzn,
393,0,TerraCeanatrShl,ConTerraCeanatr,CarapCeanatTerra,CorCeanatrTerra,TerraCeanatrPnzr,
394,0,TerraCeanatrClaw,GarTerraCeanat.,Grif.CeanatTerra,ArtCeanatrTerra,TerraCeanatrKlau,
395,0,Giant Blk Pearl,Perla negr. gig.,Perle noire gt,Perla nera giga.,SchwRiesenperle,
396,0,HvyBlkBlosShell,ConPesBlosNgr,Carap.BlosNoirLd,CorazPesNeraBlos,SwerSwarzBlosPnz,
397,0,StoutBlkTwstdHrn,CuerNegroCurvSol,CornNoireMassive,CornNerDurAttorc,RobstSchwaGdrHrn,
398,0,Big Wyvern Stone,Piedra Wyvern g.,Gr pierre Wyvern,GranPietraWyvern,GroßWyvernStein,
399,0,HvyBlkGraviosShl,ConPesGraviosNgr,C Gravios nr lde,CorPesGraviosNer,SweSwaGraviosPnz,
400,0,Hard Rajang Horn,Crno Rajang duro,CorneRajangDure,CornoDuroRajang,HartesRajangHorn,
401,0,Blk Rajang Pelt+,PielRajangNegro,Peau Rajang nr+,PelleRajangNero+,SchwazRajangPlz+,
402,0,ThckDaoraDrgnScl,EscDragDaoraGr,Éc. Drg Daora ép,ScagDraSpesDaora,DickDaoraDrchPnz,
403,0,GoldRajangPelt+,Piel Rajang dor+,Peau Rajang or+,PelleRajangOro+,GoldRajangPelz+,
404,0,ThckGldRathnScl,EscRathianDorGru,Éc. Rathn or ép.,ScaSpesRathnOro,DickGoldRathSchu,
405,0,Azure LaoS Claw,GarraLao-ShanCel,Griffe LaoS azur,ArtiglioLaoSBlu,AzurLaoShanKlaue,
406,0,Expert Coin G,Moneda experto G,Pièce expert G,Moneta Esperto G,Expertenmünze G,
407,0,Warrior Coin G,MonedaGuerrG,Pièce guerrier G,Moneta guerrierG,Kriegermünze G,
408,0,SpecialKirinHide,Piel Kirin Espc+,Cuir Kirin spéc.,Pelle spec.Kirin,Spez.Kirin-Haut,
409,0,Legend Coin G,Moneda leyenda G,Pièce Légende G,Moneta leggendaG,Legendenmünze G,
410,0,Commendation S,Mención honor S,Récompense S,Elogio S,Belobigung S,
411,0,Thunderbug Jelly,Gel. Bicho eléc.,Gelée foudre,Gelatina tuono,Donnerkäfergelee,
412,0,Blazing Fire Sac,Bolsa lanzallam.,Poche feu ardent,SaccaFuocoFulg,Superhitzebeutel,
413,0,SpecChameleHide+,PielChameleEsp+,CuirChameleSpé+,PelleSpecChamel+,SpezChamel-Haut+,
414,0,BigEDragonJewel,Joya DragTierrGr,Gr bijou drg anc,GioielGrDragoAnz,GrDrachenältJuwl,
415,0,Hvy Daora Shell,ConPesDaora,Cara. lde Daora,CorazPesanDaora,SchwerDaoraPanz,
416,0,Hard Daora Horn,CuernoDaoraDuro,Corne Daora dure,Corno duro Daora,HartesDaroaHorn,
417,0,BigEDragonBone,HuesoWyvernTieGr,Gr. os drag. anc,OssoGrDragoAnzia,GrDrachenältknch,
418,0,Platinum Mane,Crin platino,Crinière platine,Criniera Platino,Platinum-Mähne,
419,0,ThckFireDrgnScl,EscDragónFuegoGr,Éc. Drgn Feu ép.,ScaSpeDragoFuoco,DckFeurDrchSchup,
420,0,LunastraCarapace,Cap. Lunastra,CarapaceLunastra,CarapaceLunastra,LunastraRüknpnzr,
421,0,Lunastra Shell,Concha Lunastra,Carap. Lunastra,Corazza Lunastra,Lunastra-Panzer,
422,0,HvyGaorenShell,ConPesGaoren,Cara. lde Gaoren,CorazPesanGaoren,SchwerGaorenPanz,
423,0,Hvy Gaoren Spine,ColPesGaoren,Dos Gaoren lourd,SpinDorPesGaoren,SchweGaorenRüPnz,
424,0,HrdChameleosHorn,CueChameleosDuro,CorneChameleDure,CornDurChameleos,HrtChameleosHorn,
425,0,HvnlyGaorenShell,ConGaorenCielo,Car. Gaoren ciel,CorazCelesGaoren,HimlGaorenPanzer,
426,0,HardTeostraHorn,CueTeostraDuro,CorneTeostraDure,CornoDurTeostra,HartTeostraHorn,
427,0,AncientDrgnmoss,MusgoDragónAnc,MoussedrgnAncien,MuschioDragoAnt,UraltesDrchnmoos,
428,0,AncientDrgnwood,MaderaDragónAnc,BoisdragonAncien,LegnoDragoAntico,UraltesDrchnholz,
429,0,YamaTsukamiFluid,FluidYamaTsukami,Fluide YamaTsuka,Fluido Y.Tsukami,YamaTsukamiFluid,
430,0,Fatalis Evil Eye,Ojo malvado Fat.,M. œil Fatalis,OcchioMalFatalis,Fatalis-Bösauge,
431,0,ThckFatalisScale,EscGruFatalis,Éc. Fatalise ép.,ScagSpesFatalis,DickFatalisSchup,
432,0,HardFatalisHorn,CuerDuroFatalis,CorneFatalisDure,CornoDuroFatalis,HartFatalishorn,
433,0,StrongUkanlosFin,AletaUkanlosFue,Nag. Ukanlos frt,PinnForteUkanlos,StarkUkanlosFlos,
434,0,HvyUkanlosShell,ConPesUkanlos,Car. Ukanlos lde,CorazPesUkanlos,SchweUkanlosPanz,
435,0,Lao-Shan'sHvyShl,ConPesLao-Shan,C. lde Lao-Shan,CorPesanLao-Shan,Lao-ShanSchwePnz,
436,0,Ukanlos Stone,Piedra Ukanlos,Pierre Ukanlos,Pietra Ukanlos,Ukanlos-Stein,
437,0,Book of Combos 5,Libro combos 5,Tome de Combos 5,Libro combo 5,Kombi-Buch 5,
438,0,HvyPnkRathianShl,ConPesRathianRsa,C.RathianRoseLde,CorPesRathnRosa,SchweRosaRathPnz,
439,0,ThckPnkRathnScl,EscRathianRsaGr,Éc.RathnRoseÉp.,ScaSpesRathnRosa,DickRosaRathSchu,
440,0,Rathian Thorn,Espina Rathian,Épine Rathian,Spina Rathian,Rathian-Dorn,
441,0,HvyAzurRthlsShl,ConPesRthlsCel,C. Rthl azur lde,CorPesRathlsBlu,SchweAzrRthlsPnz,
442,0,HvyGldRathianShl,CorRathianDorPes,C. Rathn or lde,CorPesRathnOro,SchweGoldRathPnz,
443,0,GoldRathianThorn,EspRathianDor,Épine Rathian or,SpinaRathianOro,GoldRathian-Dorn,
444,0,HvnlyRathianScl,EscRathianCielo,Éc. Rathian cie l,ScaglPesRathian,SchweRathianSchu,
445,0,HvySlvrRthlsShl,ConPesRthlsGris,C. Rthl argt lde,CorPesRathlsArg,SchweSilRthlsPnz,
446,0,Lao-ShanHvnlyScl,EscLao-ShanCielo,Éc. Lao-Sh ciel,ScaCelesLao-Shan,Lao-ShanHimlSchu,
447,0,HvyFatalisCrmShl,ConPesFatalisCar,Car.FatlisPprLde,CorPesFatalisCre,SchweFatalKarmPz,
448,0,HrdFatlisCrmHorn,CueFatalisCarDu,CornFatlsPprDure,CornoDurFatalisC,HrtFatalKarmHorn,
449,0,ThckWhtFatlisScl,EscGrFatalisBl,Éc.FatalisBlcÉp.,ScagSpesFatalisB,DickWßFatalSchup,
450,0,HrdWhtFatlisHorn,CuernFatalisBlDu,CornFatlsBlcDure,CornoDurFatalisB,HrtWßFatalisHorn,
451,0,Giadrome Hide,Piel de Giadrome,Peau Giadrome,Pelle Giadrome,Giadrome-Haut,
452,0,Poison Sac,Bolsa de veneno,Poche de poison,Sacca di veleno,Giftbeutel,
453,0,Conga Pelt,Piel de Conga,Peau Conga,Pelle di Conga,Conga-Pelz,
454,0,Sm Hermitaur Shl,Con. Hermit. pq.,Pt car.Hermitaur,Cor.Hermitaur pc,KlnHermitaurPnz,
455,0,Piscine Fang,Colmillo Piscine,Croc de nageur,Zanna di Piscine,Pisces-Reißzahn,
456,0,Blue Kut-Ku Scl,Esc. Kut-Ku azul,Éca. Kut-Ku bleu,Scl. Kut-Ku blu,BlauKut-Ku-Schup,
457,0,Monoblos Spine,Columna Monoblos,Vertèb. Monoblos,Spina d.Monoblos,Monoblos-Grat,
458,0,Garuga Scale,Escama de Garuga,Écaille Garuga,Scaglia Garuga,Garuga-Schuppe,
459,0,Garuga Wing,Ala de Garuga,Aile Garuga,Ala Garuga,Garuga-Flügel,
460,0,Tigrex Fang,Colmillo Tigrex,Croc Tigrex,Zanna di Tigrex,Tigrex-Reißzahn,
461,0,Tigrex Claw,Garra de Tigrex,Griffe Tigrex,Artiglio Tigrex,Tigrex-Klaue,
462,0,Rathalos Webbing,Cincha Rathalos,Palmure Rathalos,Membr. Rathalos,Rathalos-Gewebe,
463,0,Rathalos Shell,Concha Rathalos,Carapa. Rathalos,Corazza Rathalos,Rathalos-Panzer,
464,0,Diablos Spine,Columna Diablos,Vertèbre Diablos,Spina d. Diablos,Diablos-Rückgrat,
465,0,Iodrome Hide,Piel de Iodrome,Peau Iodrome,Pelle Iodrome,Iodrome-Haut,
466,0,Black Blos Spine,Colum. Blos n.,Vert. Blos noir,Spina d. Blos nr,Schw Blos-Grat,
467,0,Blangonga Coin,Moneda Blangonga,Pièce Blangonga,Moneta Blangonga,Blangonga-Münze,
468,0,Hunter Soul Tkt,Tick. alma cazd.,Tick. âme chass.,Buono Anima cacc,Jägerseelenschn,
469,0,Hot Meat,Carne caliente,Viande chaude,Carne calda,Warmes Fleisch,
470,0,Remobra Skin,Piel de Remobra,Peau Remobra,Pelle di Remobra,Remobra-Haut,
471,0,Ivy,Hiedra,Lierre,Edera,Efeu,
472,0,Burst Arrowana,Arrowana revent.,Arrowana éclat,Arrowana-scoppio,Berst-Arrowana,
473,0,HvyLavasiothFang,ColPesLavasioth,CrocLavasthLourd,ZannPesLavasioth,SchweLavasioRßzn,
474,0,Daora Webbing,Cincha de Daora,Palmure Daora,Membrana Daora,Daora-Gewebe,
475,0,Lao-Shan's Shell,Concha Lao-Shan,Carap. Lao-Shan,Corazza Lao-Shan,Lao-Shan-Panzer,
476,0,Teostra Mane,Crin de Teostra,Crinière Teostra,Criniera Teostra,Teostra-Mähne,
477,0,Monoblos Heart,Corazón Monoblos,Cœur Monoblos,Cuore Monoblos,Monoblos-Herz,
478,0,Fire Wyvern Claw,Garra Wyv. fuego,Griffe Wyv. feu,Art.wyvern fuoco,FeuerwyvernKlaue,
479,0,Hypno Claw+,Garra Hypno+,Griffe Hypno+,Artiglio Hypno+,Hypno-Klaue+,
480,0,Hypno Bezoar,Hypno Bezoar,Bezoar Hypno,GastroliteHypno,Hypno-Bezoar,
481,0,Garuga Scale+,Escama Garuga+,Écaille Garuga+,Scaglia Garuga+,Garuga-Schuppe+,
482,0,Black Narga Pelt,Piel Narga ngr,Peau Narga noir,Pelle nera Narga,SchwarzNargaPlz,
483,0,Nargacuga Fang+,Colm. Nargacuga+,Croc Nargacuga+,Zanna Nargacuga+,Nargacuga-Reißz+,
484,0,Tigrex Carapace,Caparazón Tigrex,Cuirasse Tigrex,Carapace Tigrex,Tigrex-RückenPnz,
485,0,Rathalos Carpace,Capar. Rathalos,Cuiras. Rathalos,Carap. Rathalos,RathalosRückPnz,
486,0,Diablos Thoracic,Tórax de Diablos,Thorax Diablos,Torace Diablos,Diablos-Thorax,
487,0,Sleep Sac,Bolsa somní­fera,Poche somnifère,Sacca soporifera,Schlafbeutel,
488,0,Blk Blos Thracic,Tórax Blos n.,Thorax Blos noir,Torace Blos nero,SchwBlosThorax,
489,0,(dummy)Famitsu Invoice,(dummy)Famitsu Invoice,(dummy)Famitsu Invoice,(dummy)Famitsu Invoice,(dummy)Famitsu Invoice,
490,0,Hunter's Ticket,Ticket cazador,Ticket chasseur,Buono cacciatore,Jägerschein,
491,0,Tigrex Scale+,Escama Tigrex +,Écaille Tigrex+,Scaglia Tigrex+,Tigrex-Schuppe+,
492,0,FireWyvrn Marrow,Méd. Wyv. fuego,Moelle Wyv. feu,Midollo wyv.fuo.,Feuerwyvern-Mark,
493,0,Lao-ShanCarapace,Capar. Lao-Shan,Cuiras. Lao-Shan,Carap. Lao-Shan,LaoShanRückpanz,
494,0,Fatalis Shell,Concha Fatalis,Carapace Fatalis,Corazza Fatalis,Fatalis-Panzer,
495,0,Akantor Fang,Colm. de Akantor,Croc Akantor,Zanna di Akantor,Akantor-Reißzahn,
496,0,Spicy Mushroom,Seta picante,Champi épicé,Fungo speziato,Scharfer Pilz,
497,0,Gastronome Tuna,Atún gastrónomo,Thon goinfre,Tonno-gastronomo,Gourmet-Tunfisch,
498,0,Azre Rthlos Scl+,Esc. Rthls. ce+,Éca.Rathal.azur+,Sc.Rathalos azz+,AzurRath-Schupp+,
499,0,Slvr Rthlos Scl+,Esc. Rthls. pl.+,Éca.Rathal.argt+,Scgl Rathal.arg+,SilbRthlosSchup+,
500,0,Lunastra Tail,Cola de Lunastra,Queue Lunastra,Coda di Lunastra,Lunastra-Schweif,
501,0,Fatalis CrmsnShl,Con. Ca. Fatalis,Carap.pourp.Fata,Cor.crem Fatalis,KarmFatalisPanz,
502,0,Wht Fatalis Shl,Con. Fatalis bl.,Car.Fatalis bla.,Cor. Fatalis bnc,WeißFatalisPanz,
503,0,RobustWyvernBone,HuesoWyvernRobus,Os Wyvrn robuste,OssoRobusWyvern,RobustWyvrnknoch,
504,0,DeadlyPoisonSac,Bolsa ven mortal,Pch poisn mortel,SaccaVelenoMort,Tödl. Giftbeutel,
505,0,ThickGarugaScale,Esc. Garuga grsa,Écail.Garuga Ép.,ScaglSpesGaruga,DickGarugaSchupp,
506,0,Str Garuga Wing,Ala Garuga frte,Aile Garuga frte,Ala forte Garuga,StarkGarugaFlügl,
507,0,Massive Bone,Hueso masivo,Os massif,Osso massiccio,Massiver Knochen,
508,0,BlackNargaPelt+,Piel Narga ngr+,Peau Narga noir+,Pelle neraNarga+,SchwarzNargaPlz+,
509,0,HvyNargacugaFang,ColPesNargacuga,CrocNargacugaLd,ZannPesNargacuga,SchwerNargaReißz,
510,0,Hvy Tigrex Shell,ConPesTigrex,C. lourde Tigrex,CorazPesanTigrex,SchweTigrexPanzr,
511,0,Hvy Tigrex Fang,ColPesTigrex,Croc Tigrex lrd,ZannaPesanTigrex,SchwerTigrexRßzn,
512,0,HvyRathalosShl,ConPesRathalos,C. Rathalos lde,CorazPesRathalos,SchweRathalosPnz,
513,0,HvyDiablosSpine,EspPesDiablos,Dos Diablos Ld,SpnDorPesDiablos,SchweDiablosRükg,
514,0,Coma Sac,Bolsa de coma,Poche de coma,SaccaSonnoProf,Komabeutel,
515,0,ThkBlueKut-KuScl,EscGrKut-KuAzul,Éc. Kut-Ku bl ép,Sca.Sp.Kut-KuBlu,DickBlaKutKSchup,
516,0,ThkBullfangoPelt,PeloBullfangoGr,Peau Bullfgo ép.,PelSpesBullfango,DickBullfangoPlz,
517,0,Lthr Pelagus Plt,CueroPielPelagus,P. Pelagus Cuir,Cuoio Pelagus,LdrPelagusPelz,
518,0,HvyBlkBlosSpine,EspPesBlosNeg,V. Blos Noir Ld,SpinaPesNeraBlos,SweSwaBlosRükgrt,
519,0,HvnlyBlkGraviShl,ConGraviosNgCiel,C.GraviosNrCiel,CorCelGraviosNer,SchweGraviosSchu,
520,0,(dummy)FamitsuSpcialTkt,(dummy)FamitsuSpcialTkt,(dummy)FamitsuSpcialTkt,(dummy)FamitsuSpcialTkt,(dummy)FamitsuSpcialTkt,
521,0,BlackBeltCoinG,MonedaCintNg G,Pièce ct noire G,MonetaCintNeraG,SchwrzgürtlMünzG,
522,0,SpecPuppetTicket,TcktMarionetaEsp,Tick.mar.spécial,Buono Buratt.sp.,SpezPuppenschein,
523,0,Hard Rajang Claw,GarraRajangDura,GriffeRajangDure,ArtigDurRajang,HarteRajangKlaue,
524,0,Hvy Rajang Fang,ColPesRajang,CrocRajangLourd,ZannaPesRajang,SchwerRajangRßzn,
525,0,Str Daora Wing,Ala Daora dura,Aile Daora forte,Ala Forte Daora,StarkerDaoraFlüg,
526,0,LthrKirinThndrTl,CueroColaKirinTr,Qu.FdreKirinCuir,CodaPelTuonKirin,LdrKirinDnrSchwf,
527,0,Lunastra Spike,Púa Lunastra,Pointe Lunastra,Spina Lunastra,Lunastra-Stachel,
528,0,HvyTeostraShell,ConPesTeostra,Car. lde Teostra,CorazPesTeostra,SchweTeostraPanz,
529,0,YamaTsukaFillet,Filt YamaTsukami,Filet YamaTsuka,FiletYamaTsukami,YamaTsukamiFilet,
530,0,Hvy Fatalis Shl,ConPesFatalis,Car. Fatalis lde,CorazPesFatalis,SchweFatalisPanz,
531,0,Str Fatalis Wng,Ala dura Fatalis,Ail eFatalisForte,AlaForteFatalis,StrkFatalisFlügl,
532,0,UkanlosShovelJaw,MandPalaUkanlos,Mâchoire Ukanlos,MandibPalaUknlos,UkanlosSchflkifr,
533,0,UkanlosUnderscl,SubEscUkanlos,SsCarap. Ukanlos,SottoScagUkanlos,UkanlosUntrSchup,
534,0,ThckAzurRthlsScl,EscRathCelGr,Éc Rthl azur ép.,ScaSpesRathlsBlu,DickAzrRthlsSchu,
535,0,ThckSlvrRthlsScl,EscRathalosPlGr,Éc Rthl argt ép.,ScaSpesRathlsArg,DickSilRthlsSchu,
536,0,ThckFatlisCrmScl,EscFatalisCarGr,Éc.FatalisPprÉp.,ScaSpeFatalisCre,DckFatalKarmSchp,
537,0,HvyWhtFatalisShl,ConFatalisBlDur,Car.FatlisBlcLde,CorazPesFatalisB,SchweWßFatalPanz,
538,0,Genprey Fang,Colmillo Genprey,Croc Genprey,Zanna Genprey,Genprey-Reißzahn,
539,0,Ioprey Fang,Colmillo Ioprey,Croc Ioprey,Zanna Ioprey,Ioprey-Reißzahn,
540,0,Garuga Tail,Cola de Garuga,Queue Garuga,Coda Garuga,Garuga-Schweif,
541,0,Ceanataur Pincer,Pinz. Ceanataur,Pince Ceanataur,Pinza Ceanataur,Ceanataur-Zange,
542,0,Rathalos Tail,Cola de Rathalos,Queue Rathalos,Coda Rathalos,Rathalos-Schweif,
543,0,Giadrome Claw,Garra Giadrome,Griffe Giadrome,Artgl. Giadrome,Giadrome-Klaue,
544,0,Velocidrome Claw,G. Velocidrome,Grif.Velocidrome,Art. Velocidrome,Velocidromeklaue,
545,0,Plesioth Coin,Moneda Plesioth,Pièce Plesioth,Moneta Plesioth,Plesioth-Münze,
546,0,Cephadrome Coin,Mon. Cephadrome,Pièce Cephadrome,Mon. Cephadrome,Cephadrome-Münze,
547,0,Sap Plant,Planta de savia,Plante à sève,Pianta da linfa,Harzpflanze,
548,0,Nutrients,Nutrientes,Nutriments,Nutrienti,Nährstoffe,
549,0,Chameleos Claw,Garra Chameleos,Griffe Chameleos,Art. Chameleos,Chameleos-Klaue,
550,0,Daora Claw,Garra de Daora,Griffe Daora,Artiglio Daora,Daora-Klaue,
551,0,Gaoren Pincer,Pinzas de Gaoren,Pince Gaoren,Pinza di Gaoren,Gaoren-Zange,
552,0,Teostra Shell,Concha Teostra,Carapace Teostra,Corazza Teostra,Teostra-Panzer,
553,0,Fire Dragon Claw,Garra dr. fuego,Grif. dragon feu,Art. Drago fuoco,FeuerDrachKlaue,
554,0,Azur Rthlos Tail,Cola Rthls. ce.,Queu.Rathal.azur,CodaRathalos azz,AzurRath-Schweif,
555,0,Velocidrome Clw+,G. Velocidrome+,Grif.Velocidrom+,Art.Velocidrome+,Velocidr.Klaue+,
556,0,Vespoid Abdomen,Abdomen Vespoid,Abdomen Vespoid,Addome Vespoid,Vespoidunterleib,
557,0,Blangonga Tail,Cola Blangonga,Queue Blangonga,Coda Blangonga,BlangongaSchweif,
558,0,Rajang Tail,Cola de Rajang,Queue Rajang,Coda di Rajang,Rajang-Schweif,
559,0,Thunder Sac,Bolsa de trueno,Poche de foudre,Sacca-tuono,Donnerbeutel,
560,0,Chameleos Spike,Púa de Chameleos,Pique Chameleos,Punta Chameleos,ChameleosStachel,
561,0,Daora Sharp Claw,Garra afil Daora,Grif. Daora aig.,Art. aff. Daora,ScharfDaoraKlaue,
562,0,Gravios Coin,Moneda Gravios,Pièce Gravios,Moneta Gravios,Gravios-Münze,
563,0,Mega Armorskin,Megapiel armad.,Méga peau armure,Mega Pelle-arm.,Megapanzerhaut,
564,0,Slvr Rthlos Tail,Cola Rthls. pl.,Queu.Rathal.argt,CodaRathalos arg,SilbRath-Schweif,
565,0,Fatalis CrmsnWng,Ala Ca. Fatalis,Aile pourp. Fata,Ala crem Fatalis,KarmFatalisFlügl,
566,0,Wht Fatalis Wbng,Cin. Fatalis bl.,Pal.Fatalis bla.,MembrFatalis bnc,WeißFatalisGeweb,
567,0,LethrGarugaTail,CuerolColaGaruga,QueueGarugaCuir,CodaPelleGaruga,LederGarugaSchwf,
568,0,LeathrBlangoTail,CueroColaBlango,QueueBlangoCu ir,CodaCuoioBlango,LederBlangoSchwf,
569,0,HvyCeanataurLeg,PataCeanataurPes,JambeCeanatLde,GamCeanataurPes,SchweCeanatauGam,
570,0,ThickTigrexScale,EscTigrexGr,Écail Tigrex ép.,ScagSpessaTigrex,DickeTigrexSchup,
571,0,HvnlyGraviosShl,ConGraviosCielo,C. Gravios ciel,CorCelesGravios,HimmlGraviosSchu,
572,0,Lightning Sac,Bolsa de rayo,Poche foudre,Sacca fulmine,Blitzbeutel,
573,0,LthrC.BlangoTail,CuerColBlangCobr,Queue Blango C,CodaCuoioBlangoR,LedKuBlangoSchwf,
574,0,Hard Gaoren Claw,GarraDuraGaoren,Gr. Gaoren dure,ArtigDuroGaoren,HarteGaorenKlaue,
575,0,HrdFireDrgnClaw,GarDragónFuegoDu,GriffeDrgFeuDure,ArtDurDragoFuoco,HrtFeurDrchKlaue,
576,0,YamaTsukamiHide,Piel YamaTsukami,Peau YamaTsuka,PelleYamaTsukami,YamaTsukami-Haut,
577,0,UkanlosDiggngClw,GarraCavUkanlos,Griffe Ukanlos,ArtVangaUkanlos,UkanlosGrabklaue,
578,0,LthrSlvrRthlsTal,ColaPielRathPl,QuRathlsArgtCuir,CodaPelRathlsArg,LdrSilRthlsSchwf,
579,0,StrFatlisCrmWing,AlaFatalisCarDu,AileFatlsPprFrte,AlaForFatalisRos,StrkFatalKarmFlü,
580,0,StrWhtFatalisWng,AlaFatalisBlFuer,AileFatlsBlcFrte,AlaForteFatalisB,StarkWßFatalFlüg,
581,0,Med Monster Bone,H. monstr. med.,Os monstre moyen,Osso mostro med,Monsterknochen M,
582,0,Congalala Fang,Colm. Congalala,Croc Congalala,Zanna Congalala,CongalalReißzahn,
583,0,Cold Meat,Carne frí­a,Viande froide,Carne fredda,Kaltes Fleisch,
584,0,Armorskin,Piel de armadura,Peau armure,Pelle-armatura,Panzerhaut,
585,0,Pale Extract,Extracto pálido,Extrait pâle,Estratto pallido,Helles Extrakt,
586,0,Great Ladybug,Gran mariquita,Gd coccinelle,Gr. coccinella,Riesenmarienkäf.,
587,0,Chameleos Tail,Cola Chameleos,Queue Chameleos,Coda Chameleos,ChameleosSchweif,
588,0,Lunastra Horn,Cuerno Lunastra,Corne Lunastra,Corno Lunastra,Lunastra-Horn,
589,0,Lg Bone Husk,Cásc. hueso gr.,Gd coque d'os,Invol. osso gr.,Gr. Knochenhülse,
590,0,Bulldrome Tusk,Colm. Bulldrome,Déf. Bulldrome,Zanna Bulldrome,Bulldrome-Hauer,
591,0,NargaCuttingWing,Ala cuch. Narga,Aile acér. Narga,AlaFendenteNarga,NargaKlingenFlüg,
592,0,Gaoren Claw,Garra de Gaoren,Griffe Gaoren,Artiglio Gaoren,Gaoren-Klaue,
593,0,Akantor Spike,Púa de Akantor,Pique Akantor,Punta di Akantor,Akantor-Stachel,
594,0,Frozen Berry,Baya congelada,Baie congelée,Bacca ghiacciata,Gefrorene Beere,
595,0,HrdFireWyvernClw,GrraDuraWyvFuego,Gr. Wyv feu dure,ArtDuroWyvFuoco,HrtFeuerwyvernKl,
596,0,StrNargaCttngWng,AlaCuchNargaFrte,Aile forte Narga,AlaFortFendNarga,StrkNargaKliFlüg,
597,0,Lg Pelagus Fang,ColmlloPelagusLg,CrocPelagusLg,ZannRobPelagus,GroPelagusRßzn,
598,0,LthrChameleoTail,CueroColaChamele,Qu.ChameleosCuir,CodaPelChameleos,LdrChameleoSchwf,
599,0,Hvy Ukanlos Tail,ColaPesUkanlos,Qu. Ukanlos lde,CodaPesanUkanlos,SchweUkanlosSchf,
600,0,Lao-Shan'sThkScl,EscLao-ShanPes,Éc. Lao-Shan ép,ScaSpesLao-Shan,Lao-ShanDickSchu,
601,0,Ceanataur Leg,Pata Ceanataur,Jambe Ceanataur,Zampa Ceanataur,Ceanataur-Bein,
602,0,ShakalakaTreasre,Tesoro Shakalaka,Trésor Shakalaka,Tesoro Shakalaka,Shakalaka-Schatz,
603,0,Antidote Herb,Hierba antí­doto,Herbe antidote,Erba antidoto,Gegengiftkraut,
604,0,Immunizer,Inmunizador,Immunisateur,Immunizzatore,Impfstoff,
605,0,Glutton Tuna,Atún glotón,Thon glouton,Tonno-ghiottone,Schlemmtunfisch,
606,0,Mega Demondrug,Megadroga demon.,Méga drogue,Mega Droga dem.,Megadämon-Mittel,
607,0,(dummy)Famitsu PT Tckt,(dummy)Famitsu PT Tckt,(dummy)Famitsu PT Tckt,(dummy)Famitsu PT Tckt,(dummy)Famitsu PT Tckt,
608,0,ShakaInheritance,Heren. Shakalaka,Hérit. Shakalaka,Eredità Shaka,Shakalaka-Erbe,
609,0,Kirin Thndr Tail,Cola Kirin true.,Queu.foudr.Kirin,Coda tuono Kirin,KirDonnerschweif,
610,0,Max Potion,Poción máx.,Potion max,Pozione max,Maxi-Trank,
611,0,Lao-Shan's Ruby,Rubí­ Lao-Shan,Rubis Lao-Shan,Rubino Lao-Shan,Lao-Shan-Rubin,
612,0,Gt Lobstershell,ConGranLangosta,Gde carap Homard,GrCorazAragosta,Riesenhummerpanz,
613,0,StrChameleosWing,AlaChameleosDura,AileChameleForte,AlaFortChameleos,StrkChameleosFlü,
614,0,Power Seed,Semilla de poder,Graine pouvoir,Superseme,Kraftsamen,
615,0,Suiko Jewel,Joya de Suiko,Joyau Suiko,Gioiello Suiko,Suiko-Juwel,
616,0,Demondrug,Droga demoníaca,Drogue du démon,Droga demoniaca,Dämonenmittel,
617,0,Akito Jewel,Joya de Akito,Joyau Akito,Gioiello Akito,Akito-Juwel,
618,0,LapisLazuliJewel,Joya lapislázuli,JoyauLapislazuli,Gll Lapislazzuli,LapislazuliJuwel,
619,0,BattlefieldJewel,Joya campo bat.,Joyauchambatail.,Gll Campo batt.,SchlchtfeldJuwel,
620,0,VespoidQn'sCrown,Cor. Reina Vesp.,Couronne Vespoid,CoronaVespoidReg,VespoidKöginKron,
621,0,Herbal Medicine,Medicina herbal,Phyto médicament,Medicina di erbe,Kräutermedizin,
622,0,Bitterbug,Bicho amargo,Amerinsecte,Insettamaro,Bitterkäfer,
623,0,Energy Drink,Bebida energét.,Breuvage énergie,Bev. energetica,Energy-Drink,
624,0,Power Pill,Píldora de poder,Pilule pouvoir,Superpillola,Kraftpille,
625,0,Blangonga Fang,Colm. Blangonga,Croc Blangonga,Zanna Blangonga,BlangongReißzahn,
626,0,Black Blos Tail,Cola Blos negra,Queue Blos noir,Coda Blos nero,Schw Blosschweif,
627,0,Splendid Beak,Pico espléndido,Bec splendide,Splendido becco,Prachtschnabel,
628,0,Rumblefish,Pez estruendoso,Gargousson,Pesce-rombo,Polterfisch,
629,0,Congalala Claw,Garra Congalala,Griffe Congalala,Art. Congalala,Congalala-Klaue,
630,0,Normal S Lv3,Disp. normal Nv3,Mn Normale Nv3,P Normale Lv3,Normal S Stufe3,
631,0,Pierce S Lv3,Disp. perf. Nv3,Mn Perçante Nv3,P Perforante Lv3,Pierce S Stufe3,
632,0,Pellet S Lv3,D. perdigón Nv3,Mn Plomb Nv3,P Pallottola Lv3,Schrot S Stufe3,
633,0,Crag S Lv3,Disp. expl. Nv3,Mn Explosive Nv3,P Picco Lv3,Crag S Stufe3,
634,0,Clust S Lv3,Disp. grupo Nv3,Mn Fragment Nv3,P Grappolo Lv3,Streu S Stufe3,
635,0,Power Coating,Revest. energí a,Enduit énergie,Sostanza Energ.,Kraftbeschichtg,
636,0,CloseRngCoating,Revest. c.dist.,End b. portant,SostanzaAttRavv,Nahbreichbschtg,
637,0,Poison Coating,Revest. veneno,Enduit de poison,Sostanza Veleno,Giftbeschichtung,
638,0,ParalysisCoating,Revest. parál.,Enduit paralysie,Sostan. Paralisi,Lähmbeschichtung,
639,0,Sleep Coating,Revest. sueño,Enduit sommeil,Sostanza Sonno,Schlafbeschichtg,
640,0,Dragonwood+,Madera dragón +,Boisdragon+,Legno di drago+,Drachenholz+,
641,0,Kelbi Horn,Cuerno de Kelbi,Corne de Kelbi,Corno di Kelbi,Kelbi-Horn,
642,0,Shock Trap,Trampa choque,Piège à choc,Trapp. a scossa,Schockfalle,
643,0,Well-Done Steak,Filete al punto,Steak à point,Bist. ben cotta,Gebratenes Steak,
644,0,Gourmet Steak,Filete gourmet,Steak de gourmet,Bistecca gourmet,Gourmet-Steak,
645,0,Burnt Meat,Carne tostada,Viande brûlée,Carne bruciata,Kohliges Fleisch,
646,0,Mega Juice,Megazumo,Méga jus,Mega-succo,Megasaft,
647,0,Daora Tail,Cola de Daora,Queue Daora,Coda di Daora,Daora-Schweif,
648,0,Lg Lobstershell,Gran conc. Lang.,Gd carap. homard,Guscio arag. gr,Gr Hummerpanzer,
649,0,Tailed Frog,Rana con cola,Grenouille à qu.,Rana dalla coda,FroschMitSchwanz,
650,0,Felvine,Vid Felyne,Felvine,Felvine,Felvine,
651,0,Catalyst,Catalizador,Catalyseur,Catalizzatore,Katalysator,
652,0,Vspoid Razorwing,Ala cuch. Vesp.,Razaile Vespoid,AlaRasoioVespoid,VespoidDolchflüg,
653,0,Power Extract,Extracto poder,Extrait pouvoir,Superestratto,Kraftextrakt,
654,0,Fire Herb,Hierba de fuego,Herbe de feu,Erba fuoco,Feuerkraut,
655,0,Dragon Seed,Semilla dragón,Graine dragon,Seme Drago,Drachensamen,
656,0,Dragon S,Disp. dragón,Mn Dragon,P Drago,Drachen S,
657,0,Hornet Razorwing,Ala cuch. Horn.,Razaile Hornet.,AlaRasoioHornet,HornissDolchflüg,
658,0,Nitroshroom,Nitroseta,Champinitro,Fungo-nitro,Nitropilz,
659,0,Bughopper,Salta bichos,Insecte sauteur,Ins. salterino,Käferhüpfer,
660,0,Boomerang,Boomerang,Boomerang,Boomerang,Bumerang,
661,0,Flute,Flauta,Flûte,Flauto,Flöte,
662,0,Exciteshroom,Seta excitante,Champexciteur,Fungo stimolante,Reizpilz,
663,0,Mega Pickaxe,Megapico,Méga pioche,Mega piccone,Mega-Spitzhacke,
664,0,Mega Bugnet,Megarred bichos,Méga Filinsecte,Mega rete,Mega-Käfernetz,
665,0,ShakalakaTreasr+,TesoroShakalaka+,Trésr Shakalaka+,TesoroShakalaka+,ShakalakaSchatz+,
666,0,Net,Red,Filet,Rete,Netz,
667,0,Trap Tool,Herram. trampa,Pose-piège,Attrezzo trapp.,Fallengerät,
668,0,Steel Egg,Huevo de acero,Œuf d'acier,Uovo d'acciaio,Stahlei,
669,0,Golden Egg,Huevo de oro,Œuf d'or,Uovo d'oro,Goldei,
670,0,Cricket,Grillo,Grillon,Grillo,Grille,
671,0,Yambug,Bicho ñame,Patatinsecte,Insetto-patata,Yamswurzelkäfer,
672,0,Psychoserum,Psicosuero,Sérum psy,Psicosiero,Psychoserum,
673,0,Binoculars,Prismáticos,Jumelles,Binocolo,Fernglas,
674,0,Honey,Miel,Miel,Miele,Honig,
675,0,Health Flute,Flauta de Salud,Flûte de Santé,Flauto Salute,Gesundheitsflöte,
676,0,Gunpowder,Pólvora,Poudre,Polvere da sparo,Schießpulver,
677,0,Comrade Ticket,Tiquet Camarada,Ticket compagnon,Buono compagno,Kameradenschein,
